name,email,phone,business_name,job_title,contact_type,location,instagram_handle,tiktok_handle,website,categories,tags,notes,featured
Sarah Mitchell,sarah@ceramics.com,555-1234,Sarah's Ceramics,Owner,vendor,"Portland, OR",@sarahceramics,@sarahceramics,https://sarahceramics.com,"Artist,Table Vendor","art,local,reliable",Met at Spring Market 2024 - beautiful pottery,true
John Davidson,john@foodtruck.com,555-5678,John's Tacos,Manager,vendor,"Seattle, WA",@johnstacos,@johnstacos,https://johnstacos.com,"Food & Beverage","food,catering,mexican",Interested in summer events - great reviews,false
Maria Santos,maria@events.com,555-9012,Event Solutions,Event Coordinator,partner,"Los Angeles, CA",@eventsolutions,,https://eventsolutions.com,,"planning,logistics,professional",Partnership opportunity for Q2 2026,false
Alex Chen,alex@artcollective.com,555-3456,Portland Art Collective,Director,vendor,"Portland, OR",@pdxartcollective,@pdxart,https://pdxartcollective.org,"Artist,Sponsor","art,community,nonprofit",Runs monthly art shows - potential sponsor,true
Jamie Wilson,jamie@sweettreats.com,555-7890,Sweet Treats Bakery,Head Baker,vendor,"Eugene, OR",@sweettreats_pdx,@sweettreats,https://sweettreatspdx.com,"Food & Beverage,Table Vendor","bakery,desserts,vegan",Amazing vegan cupcakes - very popular,false
Taylor Rodriguez,taylor@eventspace.com,555-2468,The Warehouse,Venue Manager,partner,"Portland, OR",@thewarehouse_pdx,,https://thewarehousepdx.com,,"venue,space,rental",Interested in co-hosting events,false
Morgan Lee,morgan@craftbeer.com,555-1357,Cascade Brewing,Marketing Director,sponsor,"Bend, OR",@cascadebrewing,@cascadebrewing,https://cascadebrewing.com,Sponsor,"beer,beverage,local",Potential beverage sponsor for all events,true
Jordan Park,jordan@photography.com,555-8642,Jordan Park Photography,Photographer,vendor,"Portland, OR",@jordanparkphoto,@jordanparkphoto,https://jordanpark.photo,Artist,"photography,professional,events",Event photographer - excellent portfolio,false
Casey Martinez,casey@jewelry.com,555-9753,Handmade by Casey,Jeweler,vendor,"Ashland, OR",@handmadebycasey,,https://handmadebycasey.shop,"Artist,Table Vendor","jewelry,handmade,sustainable",Beautiful handcrafted jewelry - eco-friendly,false
River Thompson,river@musiclive.com,555-3691,River Thompson Music,Musician,vendor,"Portland, OR",@riverthompsonmusic,@riverthompson,https://riverthompson.com,Artist,"music,entertainment,live",Acoustic performer - great for background music,true
Quinn Anderson,quinn@pottery.com,555-4721,Quinn's Pottery Studio,Owner,vendor,"Oakland, CA",@quinnpottery,@quinnpottery,https://quinnpottery.com,Artist,"ceramics,art,handmade",Excellent pottery - returning vendor,false
Avery Baker,avery@catering.com,555-8293,Avery's Kitchen,Head Chef,vendor,"San Francisco, CA",@averykitchen,@averykitchen,https://averykitchen.com,"Food & Beverage","food,catering,organic",Farm-to-table catering - highly recommended,true
Blake Campbell,blake@artworks.com,555-6174,Blake Art Collective,Director,vendor,"Los Angeles, CA",@blakeartworks,,https://blakeartworks.com,"Artist,Sponsor","art,modern,gallery",Contemporary art gallery - partnership potential,false
Cameron Davis,cameron@sweetshop.com,555-9385,Cameron's Pastries,Baker,vendor,"Sacramento, CA",@cameronpastries,@cameronpastries,https://cameronpastries.com,"Food & Beverage,Table Vendor","bakery,french,artisan",Award-winning pastries,true
Dakota Evans,dakota@designs.com,555-2047,Dakota Jewelry,Jeweler,vendor,"San Diego, CA",@dakotajewelry,,https://dakotajewelry.com,"Artist,Table Vendor","jewelry,silver,custom",Custom jewelry designs - very popular,false
Ellis Foster,ellis@photos.com,555-7158,Ellis Photo Studio,Photographer,vendor,"Tacoma, WA",@ellisphotos,@ellisphotos,https://ellisphotos.com,Artist,"photography,portrait,events",Professional event photography,false
Finley Garcia,finley@livemusic.com,555-3926,Finley Live,Musician,vendor,"Olympia, WA",@finleylive,@finleylive,https://finleylive.com,Artist,"music,jazz,entertainment",Jazz ensemble - perfect for upscale events,true
Harper Harris,harper@coffee.com,555-8541,Harper's Coffee,Owner,vendor,"Spokane, WA",@harperscoffee,@harperscoffee,https://harperscoffee.com,"Food & Beverage","coffee,local,organic",Locally roasted coffee - great for markets,false
Jesse Jackson,jesse@textiles.com,555-6793,Jesse Woven,Weaver,vendor,"Boise, ID",@jessewoven,,https://jessewoven.com,"Artist,Table Vendor","textiles,handmade,sustainable",Beautiful woven textiles - eco-conscious,false
Kendall King,kendall@skincare.com,555-4182,Kendall Botanicals,Founder,vendor,"Salt Lake City, UT",@kendallbotanicals,@kendallbotanicals,https://kendallbotanicals.com,"Table Vendor","skincare,organic,wellness",Natural skincare products - very popular,true
Logan Lopez,logan@candles.com,555-9365,Logan Candle Co.,Owner,vendor,"Denver, CO",@logancandles,@logancandles,https://logancandles.com,"Table Vendor","candles,handmade,scents",Hand-poured candles - amazing scents,false
Micah Martin,micah@plants.com,555-7241,Micah's Greenery,Horticulturist,vendor,"Austin, TX",@micahsgreenery,,https://micahsgreenery.com,"Table Vendor","plants,succulents,local",Beautiful plant selection,false
Noah Nelson,noah@records.com,555-5938,Noah's Vinyl,Owner,vendor,"Phoenix, AZ",@noahsvinyl,@noahsvinyl,https://noahsvinyl.com,"Table Vendor","vinyl,music,vintage",Curated vinyl collection - rare finds,true
Parker Ortiz,parker@vintage.com,555-3614,Parker Vintage,Curator,vendor,"Albuquerque, NM",@parkervintage,,https://parkervintage.com,"Table Vendor","vintage,retro,clothing",Unique vintage clothing and accessories,false
Reese Perez,reese@prints.com,555-8297,Reese Press,Printer,vendor,"Santa Fe, NM",@reesepress,@reesepress,https://reesepress.com,"Artist,Table Vendor","prints,design,art",Screen-printed art - beautiful work,false
Sage Quinn,sage@ceramics.com,555-1746,Sage's Clay Works,Potter,vendor,"Brooklyn, NY",@sageclayworks,@sageclayworks,https://sageclayworks.com,Artist,"ceramics,pottery,functional",Functional pottery - dishwasher safe,true
Skylar Roberts,skylar@eats.com,555-6293,Skylar's Bistro,Chef,vendor,"Chicago, IL",@skylarsbistro,@skylarsbistro,https://skylarsbistro.com,"Food & Beverage","food,french,catering",French cuisine catering - exceptional quality,false
Tatum Silva,tatum@gallery.com,555-4857,Tatum Art Space,Director,partner,"Nashville, TN",@tatumart,,https://tatumart.com,"Artist,Sponsor","art,gallery,contemporary",Contemporary art space - collaboration opportunity,false
Bailey Taylor,bailey@bakery.com,555-9182,Bailey Baked Goods,Baker,vendor,"Atlanta, GA",@baileybaked,@baileybaked,https://baileybaked.com,"Food & Beverage,Table Vendor","bakery,gluten-free,vegan",Gluten-free and vegan baked goods,true
Charlie Turner,charlie@jewelry.com,555-3651,Charlie Gems,Jeweler,vendor,"Miami, FL",@charliegems,,https://charliegems.com,"Artist,Table Vendor","jewelry,gemstones,custom",Gemstone jewelry - custom designs available,false
Devon Vargas,devon@photos.com,555-7294,Devon Visuals,Photographer,vendor,"Portland, OR",@devonvisuals,@devonvisuals,https://devonvisuals.com,Artist,"photography,commercial,events",Commercial and event photography,false
Drew White,drew@music.com,555-5183,Drew Sound,Producer,vendor,"Seattle, WA",@drewsound,@drewsound,https://drewsound.com,Artist,"music,production,dj",DJ and music production services,true
Eden Young,eden@coffee.com,555-8647,Eden's Roasters,Owner,vendor,"Los Angeles, CA",@edensroasters,,https://edensroasters.com,"Food & Beverage","coffee,roasting,artisan",Artisan coffee roasting - small batch,false
Frankie Ahmed,frankie@textiles.com,555-2916,Frankie Fiber Arts,Artist,vendor,"San Francisco, CA",@frankiefiber,@frankiefiber,https://frankiefiber.com,"Artist,Table Vendor","textiles,fiber-art,handmade",Contemporary fiber art - unique pieces,false
Gray Brown,gray@skincare.com,555-6481,Gray Wellness,Founder,vendor,"Oakland, CA",@graywellness,@graywellness,https://graywellness.com,"Table Vendor","skincare,wellness,natural",Natural wellness products,true
Hayden Clark,hayden@candles.com,555-3759,Hayden Wax Works,Candlemaker,vendor,"San Diego, CA",@haydenwax,,https://haydenwax.com,"Table Vendor","candles,soy,handmade",Soy candles - eco-friendly,false
Indigo Diaz,indigo@plants.com,555-9142,Indigo Botanicals,Owner,vendor,"Sacramento, CA",@indigobotanicals,@indigobotanicals,https://indigobotanicals.com,"Table Vendor","plants,botanicals,indoor",Indoor plants and care supplies,false
Jules Edwards,jules@records.com,555-7538,Jules Music Shop,Owner,vendor,"Tacoma, WA",@julesmusic,@julesmusic,https://julesmusic.com,"Table Vendor","vinyl,records,collectibles",Vinyl records and music memorabilia,true
Kai Fisher,kai@vintage.com,555-4261,Kai Retro,Curator,vendor,"Olympia, WA",@kairetro,,https://kairetro.com,"Table Vendor","vintage,retro,fashion",Retro fashion and accessories,false
Lane Green,lane@prints.com,555-8925,Lane Design Studio,Designer,vendor,"Spokane, WA",@lanedesign,@lanedesign,https://lanedesign.com,"Artist,Table Vendor","prints,design,illustration",Illustration and design prints,false
Max Hall,max@ceramics.com,555-2647,Max Pottery,Potter,vendor,"Boise, ID",@maxpottery,@maxpottery,https://maxpottery.com,Artist,"ceramics,pottery,art",Artistic pottery - one-of-a-kind pieces,true
Morgan Hughes,morgan@eats.com,555-6318,Morgan's Kitchen,Chef,vendor,"Salt Lake City, UT",@morganskitchen,@morganskitchen,https://morganskitchen.com,"Food & Beverage","food,vegan,catering",Plant-based catering - innovative menu,false
Quinn Jones,quinn@gallery.com,555-9741,Quinn Art Collective,Director,partner,"Denver, CO",@quinnartcollective,,https://quinnartcollective.com,"Artist,Sponsor","art,collective,community",Community art collective - partnership potential,false
Riley Kumar,riley@bakery.com,555-5284,Riley's Sweet Shop,Baker,vendor,"Austin, TX",@rileysweet,@rileysweet,https://rileysweet.com,"Food & Beverage,Table Vendor","bakery,desserts,custom",Custom desserts - wedding specialist,true
Rowan Lewis,rowan@jewelry.com,555-3796,Rowan Adornments,Jeweler,vendor,"Phoenix, AZ",@rowanadornments,,https://rowanadornments.com,"Artist,Table Vendor","jewelry,handmade,bohemian",Bohemian-style jewelry,false
Sydney Miller,sydney@photos.com,555-7152,Sydney Images,Photographer,vendor,"Albuquerque, NM",@sydneyimages,@sydneyimages,https://sydneyimages.com,Artist,"photography,events,portrait",Event and portrait photography,false
Winter Moore,winter@music.com,555-4628,Winter Productions,Producer,vendor,"Santa Fe, NM",@winterproductions,@winterproductions,https://winterproductions.com,Artist,"music,production,live",Live music production and DJ services,true
Ali Murphy,ali@coffee.com,555-8193,Ali's Espresso Bar,Owner,vendor,"Brooklyn, NY",@alisespresso,,https://alisespresso.com,"Food & Beverage","coffee,espresso,local",Local espresso bar - mobile service available,false
Bay Nguyen,bay@textiles.com,555-2564,Bay Woven,Weaver,vendor,"Chicago, IL",@baywoven,@baywoven,https://baywoven.com,"Artist,Table Vendor","textiles,woven,handmade",Hand-woven textiles and home goods,false
Drew Patel,drew@skincare.com,555-6937,Drew Beauty,Founder,vendor,"Nashville, TN",@drewbeauty,@drewbeauty,https://drewbeauty.com,"Table Vendor","skincare,beauty,organic",Organic beauty products - cruelty-free,true
Emery Robinson,emery@candles.com,555-4185,Emery Scents,Candlemaker,vendor,"Atlanta, GA",@emeryscents,,https://emeryscents.com,"Table Vendor","candles,scents,handmade",Hand-poured scented candles,false
Gray Sanchez,gray@plants.com,555-9372,Gray Garden,Horticulturist,vendor,"Miami, FL",@graygarden,@graygarden,https://graygarden.com,"Table Vendor","plants,garden,outdoor",Outdoor plants and garden supplies,false
Hunter Scott,hunter@records.com,555-7548,Hunter Vinyl,Collector,vendor,"Portland, OR",@hunterviny,@hunterviny,https://huntervinyl.com,"Table Vendor","vinyl,music,rare",Rare vinyl collection,true
Ivory Smith,ivory@vintage.com,555-3621,Ivory Antiques,Curator,vendor,"Seattle, WA",@ivoryantiques,,https://ivoryantiques.com,"Table Vendor","vintage,antiques,collectibles",Antiques and vintage collectibles,false
Jesse Thomas,jesse@prints.com,555-8294,Jesse Graphics,Designer,vendor,"Los Angeles, CA",@jessegraphics,@jessegraphics,https://jessegraphics.com,"Artist,Table Vendor","prints,graphics,design",Graphic design and art prints,false
Lane Walker,lane@ceramics.com,555-5167,Lane Clay Studio,Potter,vendor,"San Francisco, CA",@laneclay,@laneclay,https://laneclay.com,Artist,"ceramics,pottery,tableware",Handmade tableware - beautiful glazes,true
Memphis Williams,memphis@eats.com,555-2849,Memphis BBQ,Pitmaster,vendor,"Oakland, CA",@memphisbbq,@memphisbbq,https://memphisbbq.com,"Food & Beverage","food,bbq,catering",Authentic BBQ catering,false
Nico Wright,nico@gallery.com,555-6412,Nico Art Studio,Artist,vendor,"San Diego, CA",@nicoartstudio,,https://nicoartstudio.com,"Artist,Sponsor","art,painting,modern",Modern painting - gallery quality,false
Oakley Yang,oakley@bakery.com,555-9758,Oakley Patisserie,Pastry Chef,vendor,"Sacramento, CA",@oakleypatisserie,@oakleypatisserie,https://oakleypatisserie.com,"Food & Beverage,Table Vendor","bakery,french,pastries",French pastries - authentic techniques,true
Phoenix Zhang,phoenix@jewelry.com,555-4321,Phoenix Designs,Jeweler,vendor,"Tacoma, WA",@phoenixdesigns,,https://phoenixdesigns.com,"Artist,Table Vendor","jewelry,modern,minimalist",Minimalist jewelry designs,false
Quinn Bennett,quinn@photos.com,555-7896,Quinn Photography,Photographer,vendor,"Olympia, WA",@quinnphoto,@quinnphoto,https://quinnphoto.com,Artist,"photography,landscape,art",Landscape and art photography,false
Remy Carter,remy@music.com,555-3154,Remy Beats,DJ,vendor,"Spokane, WA",@remybeats,@remybeats,https://remybeats.com,Artist,"music,dj,electronic",Electronic music DJ - great energy,true
Scout Cooper,scout@coffee.com,555-8527,Scout's Brew,Owner,vendor,"Boise, ID",@scoutsbrew,,https://scoutsbrew.com,"Food & Beverage","coffee,cold-brew,mobile",Cold brew coffee - mobile cart available,false
Toni Cruz,toni@textiles.com,555-2693,Toni Fabrics,Designer,vendor,"Salt Lake City, UT",@tonifabrics,@tonifabrics,https://tonifabrics.com,"Artist,Table Vendor","textiles,fabric,design",Custom fabric designs and home textiles,false
Val Flores,val@skincare.com,555-6847,Val Organics,Founder,vendor,"Denver, CO",@valorganics,@valorganics,https://valorganics.com,"Table Vendor","skincare,organic,vegan",Vegan organic skincare line,true
Wren Gomez,wren@candles.com,555-4219,Wren Candle Studio,Candlemaker,vendor,"Austin, TX",@wrencandles,,https://wrencandles.com,"Table Vendor","candles,beeswax,natural",Beeswax candles - natural and sustainable,false
Xander Hayes,xander@plants.com,555-9381,Xander's Plants,Owner,vendor,"Phoenix, AZ",@xandersplants,@xandersplants,https://xandersplants.com,"Table Vendor","plants,cacti,desert",Desert plants and cacti specialist,false
Yael Jenkins,yael@records.com,555-7543,Yael Music,Collector,vendor,"Albuquerque, NM",@yaelmusic,@yaelmusic,https://yaelmusic.com,"Table Vendor","vinyl,music,indie",Indie vinyl collection,true
Zion Morales,zion@vintage.com,555-3685,Zion Vintage,Curator,vendor,"Santa Fe, NM",@zionvintage,,https://zionvintage.com,"Table Vendor","vintage,clothing,accessories",Vintage clothing - 70s and 80s specialty,false
Ash Powell,ash@prints.com,555-8256,Ash Art Prints,Artist,vendor,"Brooklyn, NY",@ashartprints,@ashartprints,https://ashartprints.com,"Artist,Table Vendor","prints,art,illustration",Limited edition art prints,false
Blair Reed,blair@ceramics.com,555-5129,Blair Pottery Works,Potter,vendor,"Chicago, IL",@blairpottery,@blairpottery,https://blairpottery.com,Artist,"ceramics,pottery,sculpture",Sculptural pottery - artistic pieces,true
Casey Rivera,casey@eats.com,555-2674,Casey's Food Truck,Chef,vendor,"Nashville, TN",@caseysfoodtruck,,https://caseysfoodtruck.com,"Food & Beverage","food,mobile,fusion",Fusion food truck - innovative menu,false
Dakota Anderson,dakota@gallery.com,555-6318,Dakota Gallery,Director,partner,"Atlanta, GA",@dakotagallery,@dakotagallery,https://dakotagallery.com,"Artist,Sponsor","art,gallery,fine-art",Fine art gallery - exhibition space available,false
Emerson Baker,emerson@bakery.com,555-9742,Emerson's Bread,Baker,vendor,"Miami, FL",@emersonsbread,@emersonsbread,https://emersonsbread.com,"Food & Beverage,Table Vendor","bakery,bread,artisan",Artisan bread bakery - sourdough specialist,true
Flynn Campbell,flynn@jewelry.com,555-4857,Flynn Jewels,Jeweler,vendor,"Portland, OR",@flynnjewels,,https://flynnjewels.com,"Artist,Table Vendor","jewelry,gold,custom",Custom gold jewelry,false
Gray Davis,gray@photos.com,555-7193,Gray Photography,Photographer,vendor,"Seattle, WA",@grayphotography,@grayphotography,https://grayphotography.com,Artist,"photography,wedding,events",Wedding and event photography specialist,false
Harper Evans,harper@music.com,555-3526,Harper Music,Musician,vendor,"Los Angeles, CA",@harpermusic,@harpermusic,https://harpermusic.com,Artist,"music,acoustic,folk",Folk and acoustic music - intimate performances,true
Jules Foster,jules@coffee.com,555-8619,Jules Coffee Roasting,Owner,vendor,"San Francisco, CA",@julescoffee,,https://julescoffee.com,"Food & Beverage","coffee,roasting,specialty",Specialty coffee roasting,false
Kai Garcia,kai@textiles.com,555-2481,Kai Weavings,Weaver,vendor,"Oakland, CA",@kaiweavings,@kaiweavings,https://kaiweavings.com,"Artist,Table Vendor","textiles,weaving,art",Artistic weavings and wall hangings,false
Lane Harris,lane@skincare.com,555-6954,Lane Natural Beauty,Founder,vendor,"San Diego, CA",@lanenaturalbeauty,@lanenaturalbeauty,https://lanenaturalbeauty.com,"Table Vendor","skincare,natural,handmade",Handmade natural beauty products,true
Morgan Jackson,morgan@candles.com,555-4127,Morgan's Candles,Candlemaker,vendor,"Sacramento, CA",@morganscandles,,https://morganscandles.com,"Table Vendor","candles,handmade,custom",Custom scented candles for events,false
Quinn King,quinn@plants.com,555-9385,Quinn's Plant Shop,Owner,vendor,"Tacoma, WA",@quinnsplants,@quinnsplants,https://quinnsplants.com,"Table Vendor","plants,houseplants,care",Houseplants and plant care workshops,false
Riley Lopez,riley@records.com,555-7542,Riley's Record Store,Owner,vendor,"Olympia, WA",@rileysrecords,@rileysrecords,https://rileysrecords.com,"Table Vendor","vinyl,records,local",Local music and vinyl records,true
Rowan Martin,rowan@vintage.com,555-3614,Rowan's Vintage,Curator,vendor,"Spokane, WA",@rowansvintage,,https://rowansvintage.com,"Table Vendor","vintage,retro,unique",Unique vintage finds - constantly updated,false
Sydney Nelson,sydney@prints.com,555-8297,Sydney Print Studio,Printer,vendor,"Boise, ID",@sydneyprints,@sydneyprints,https://sydneyprints.com,"Artist,Table Vendor","prints,screen-printing,art",Screen-printed art and posters,false
Winter Ortiz,winter@ceramics.com,555-5163,Winter Pottery,Potter,vendor,"Salt Lake City, UT",@winterpottery,@winterpottery,https://winterpottery.com,Artist,"ceramics,pottery,functional",Functional pottery for everyday use,true
Ali Perez,ali@eats.com,555-2748,Ali's Catering,Chef,vendor,"Denver, CO",@aliscatering,,https://aliscatering.com,"Food & Beverage","food,catering,mediterranean",Mediterranean catering - fresh ingredients,false
Bay Quinn,bay@gallery.com,555-6391,Bay Art Space,Director,partner,"Austin, TX",@bayartspace,@bayartspace,https://bayartspace.com,"Artist,Sponsor","art,space,exhibitions",Art exhibition space - community focused,false
Drew Roberts,drew@bakery.com,555-9817,Drew's Desserts,Baker,vendor,"Phoenix, AZ",@drewsdesserts,@drewsdesserts,https://drewsdesserts.com,"Food & Beverage,Table Vendor","bakery,desserts,creative",Creative desserts - Instagram-worthy,true
Emery Silva,emery@jewelry.com,555-4283,Emery Jewelry Studio,Jeweler,vendor,"Albuquerque, NM",@emeryjewelry,,https://emeryjewelry.com,"Artist,Table Vendor","jewelry,handcrafted,unique",Handcrafted unique jewelry pieces,false
Gray Taylor,gray@photos.com,555-7658,Gray Visual Arts,Photographer,vendor,"Santa Fe, NM",@grayvisual,@grayvisual,https://grayvisual.com,Artist,"photography,fine-art,prints",Fine art photography and prints,false
Hunter Turner,hunter@music.com,555-3129,Hunter Live Music,Musician,vendor,"Brooklyn, NY",@hunterlive,@hunterlive,https://hunterlive.com,Artist,"music,live,band",Live band performances - versatile repertoire,true
Ivory Vargas,ivory@coffee.com,555-8594,Ivory Coffee House,Owner,vendor,"Chicago, IL",@ivorycoffee,,https://ivorycoffee.com,"Food & Beverage","coffee,cafe,community",Community coffee house - local partnerships,false
Jesse White,jesse@textiles.com,555-2467,Jesse Textile Art,Artist,vendor,"Nashville, TN",@jessetextileart,@jessetextileart,https://jessetextileart.com,"Artist,Table Vendor","textiles,art,contemporary",Contemporary textile art,false
Lane Young,lane@skincare.com,555-6831,Lane Spa Products,Founder,vendor,"Atlanta, GA",@lanespa,@lanespa,https://lanespa.com,"Table Vendor","skincare,spa,luxury",Luxury spa products,true
Memphis Ahmed,memphis@candles.com,555-4916,Memphis Candle Works,Candlemaker,vendor,"Miami, FL",@memphiscandles,,https://memphiscandles.com,"Table Vendor","candles,luxury,handmade",Luxury hand-poured candles,false
Nico Brown,nico@plants.com,555-9372,Nico's Urban Garden,Gardener,vendor,"Portland, OR",@nicosurbangarden,@nicosurbangarden,https://nicosurbangarden.com,"Table Vendor","plants,urban,gardening",Urban gardening supplies and workshops,false
Oakley Clark,oakley@records.com,555-7548,Oakley Music Collective,Curator,vendor,"Seattle, WA",@oakleymusic,@oakleymusic,https://oakleymusic.com,"Table Vendor","vinyl,music,curated",Curated vinyl selections,true
Phoenix Diaz,phoenix@vintage.com,555-3625,Phoenix Vintage Co.,Owner,vendor,"Los Angeles, CA",@phoenixvintage,,https://phoenixvintage.com,"Table Vendor","vintage,clothing,designer",Designer vintage clothing,false
Quinn Edwards,quinn@prints.com,555-8291,Quinn Art Prints,Artist,vendor,"San Francisco, CA",@quinnartprints,@quinnartprints,https://quinnartprints.com,"Artist,Table Vendor","prints,art,modern",Modern art prints - affordable art,false
Remy Fisher,remy@ceramics.com,555-5174,Remy's Pottery,Potter,vendor,"Oakland, CA",@remyspottery,@remyspottery,https://remyspottery.com,Artist,"ceramics,pottery,raku",Raku pottery - unique firing technique,true
Scout Green,scout@eats.com,555-2843,Scout's Kitchen,Chef,vendor,"San Diego, CA",@scoutskitchen,,https://scoutskitchen.com,"Food & Beverage","food,organic,catering",Organic farm-to-table catering,false
Toni Hall,toni@gallery.com,555-6417,Toni Contemporary Art,Director,partner,"Sacramento, CA",@tonicontemporary,@tonicontemporary,https://tonicontemporary.com,"Artist,Sponsor","art,contemporary,gallery",Contemporary art gallery - emerging artists,false
Val Hughes,val@bakery.com,555-9756,Val's Bake Shop,Baker,vendor,"Tacoma, WA",@valsbakeshop,@valsbakeshop,https://valsbakeshop.com,"Food & Beverage,Table Vendor","bakery,cookies,custom",Custom cookies - event specialist,true
Wren Jones,wren@jewelry.com,555-4318,Wren Fine Jewelry,Jeweler,vendor,"Olympia, WA",@wrenfinejewelry,,https://wrenfinejewelry.com,"Artist,Table Vendor","jewelry,fine,precious",Fine jewelry with precious stones,false
Xander Kumar,xander@photos.com,555-7891,Xander Photo Co.,Photographer,vendor,"Spokane, WA",@xanderphoto,@xanderphoto,https://xanderphoto.com,Artist,"photography,commercial,product",Commercial and product photography,false
Yael Lewis,yael@music.com,555-3527,Yael Sound,DJ,vendor,"Boise, ID",@yaelsound,@yaelsound,https://yaelsound.com,Artist,"music,dj,weddings",Wedding DJ - experienced and professional,true
Zion Miller,zion@coffee.com,555-8615,Zion Coffee Bar,Owner,vendor,"Salt Lake City, UT",@zioncoffeebar,,https://zioncoffeebar.com,"Food & Beverage","coffee,bar,specialty",Specialty coffee bar - latte art champion,false
Ash Moore,ash@textiles.com,555-2486,Ash Fiber Studio,Artist,vendor,"Denver, CO",@ashfiber,@ashfiber,https://ashfiber.com,"Artist,Table Vendor","textiles,fiber,sculpture",Fiber sculpture and wall art,false
Blair Murphy,blair@skincare.com,555-6954,Blair Skincare Lab,Chemist,vendor,"Austin, TX",@blairskincare,@blairskincare,https://blairskincare.com,"Table Vendor","skincare,science,effective",Science-based skincare formulations,true
Casey Nguyen,casey@candles.com,555-4128,Casey Candle Studio,Candlemaker,vendor,"Phoenix, AZ",@caseycandlestudio,,https://caseycandlestudio.com,"Table Vendor","candles,artistic,handmade",Artistic candles - decorative and functional,false
Dakota Patel,dakota@plants.com,555-9384,Dakota Plant Co.,Owner,vendor,"Albuquerque, NM",@dakotaplantco,@dakotaplantco,https://dakotaplantco.com,"Table Vendor","plants,native,drought-tolerant",Native drought-tolerant plants,false
Emerson Robinson,emerson@records.com,555-7541,Emerson Vinyl Vault,Collector,vendor,"Santa Fe, NM",@emersonvinyl,@emersonvinyl,https://emersonvinyl.com,"Table Vendor","vinyl,rare,collectible",Rare collectible vinyl records,true
Flynn Sanchez,flynn@vintage.com,555-3618,Flynn's Treasures,Curator,vendor,"Brooklyn, NY",@flynnstreasures,,https://flynnstreasures.com,"Table Vendor","vintage,antiques,rare",Rare vintage treasures and antiques,false
Gray Scott,gray@prints.com,555-8294,Gray Design Studio,Designer,vendor,"Chicago, IL",@graydesignstudio,@graydesignstudio,https://graydesignstudio.com,"Artist,Table Vendor","prints,design,branding",Design and branding prints,false
Harper Smith,harper@ceramics.com,555-5162,Harper Clay Studio,Potter,vendor,"Nashville, TN",@harperplaystudio,@harperplaystudio,https://harperplaystudio.com,Artist,"ceramics,pottery,workshops",Pottery workshops and handmade pieces,true
Jules Thomas,jules@eats.com,555-2847,Jules Gourmet,Chef,vendor,"Atlanta, GA",@julesgourmet,,https://julesgourmet.com,"Food & Beverage","food,gourmet,upscale",Gourmet catering for upscale events,false
Kai Walker,kai@gallery.com,555-6419,Kai Art Gallery,Curator,partner,"Miami, FL",@kaiartgallery,@kaiartgallery,https://kaiartgallery.com,"Artist,Sponsor","art,gallery,international",International art gallery - diverse artists,false
Lane Williams,lane@bakery.com,555-9751,Lane's Baking Co.,Baker,vendor,"Portland, OR",@lanesbakingco,@lanesbakingco,https://lanesbakingco.com,"Food & Beverage,Table Vendor","bakery,wholesale,retail",Wholesale and retail baking,true
Morgan Wright,morgan@jewelry.com,555-4325,Morgan Metalworks,Metalsmith,vendor,"Seattle, WA",@morganmetalworks,,https://morganmetalworks.com,"Artist,Table Vendor","jewelry,metal,handcrafted",Handcrafted metal jewelry and art,false
Quinn Yang,quinn@photos.com,555-7895,Quinn Studio Photos,Photographer,vendor,"Los Angeles, CA",@quinnstudiophotos,@quinnstudiophotos,https://quinnstudiophotos.com,Artist,"photography,studio,fashion",Fashion and studio photography,false
Riley Zhang,riley@music.com,555-3524,Riley Music Productions,Producer,vendor,"San Francisco, CA",@rileyproductions,@rileyproductions,https://rileyproductions.com,Artist,"music,production,recording",Music production and recording services,true
Rowan Bennett,rowan@coffee.com,555-8612,Rowan's Coffee Lab,Owner,vendor,"Oakland, CA",@rowanscoffeelab,,https://rowanscoffeelab.com,"Food & Beverage","coffee,science,experimental",Experimental coffee brewing methods,false
Sydney Carter,sydney@textiles.com,555-2483,Sydney Fabrics,Designer,vendor,"San Diego, CA",@sydneyfabrics,@sydneyfabrics,https://sydneyfabrics.com,"Artist,Table Vendor","textiles,sustainable,eco",Sustainable eco-friendly fabrics,false
Winter Cooper,winter@skincare.com,555-6957,Winter Botanics,Herbalist,vendor,"Sacramento, CA",@winterbotanics,@winterbotanics,https://winterbotanics.com,"Table Vendor","skincare,herbal,natural",Herbal natural skincare - traditional methods,true
Ali Cruz,ali@candles.com,555-4123,Ali's Candle Emporium,Owner,vendor,"Tacoma, WA",@aliscandles,,https://aliscandles.com,"Table Vendor","candles,variety,seasonal",Wide variety of seasonal candles,false
Bay Flores,bay@plants.com,555-9387,Bay Plant Nursery,Horticulturist,vendor,"Olympia, WA",@bayplantnursery,@bayplantnursery,https://bayplantnursery.com,"Table Vendor","plants,nursery,local",Local plant nursery - healthy plants guaranteed,false
Drew Gomez,drew@records.com,555-7546,Drew's Music Box,Owner,vendor,"Spokane, WA",@drewsmusicbox,@drewsmusicbox,https://drewsmusicbox.com,"Table Vendor","vinyl,cds,memorabilia",Music memorabilia and vinyl,true
Emery Hayes,emery@vintage.com,555-3621,Emery Vintage Market,Curator,vendor,"Boise, ID",@emeryvintage,,https://emeryvintage.com,"Table Vendor","vintage,market,eclectic",Eclectic vintage market finds,false
Gray Jenkins,gray@prints.com,555-8298,Gray Illustration Studio,Illustrator,vendor,"Salt Lake City, UT",@grayillustration,@grayillustration,https://grayillustration.com,"Artist,Table Vendor","prints,illustration,custom",Custom illustrations and art prints,false
Hunter Morales,hunter@ceramics.com,555-5167,Hunter's Kiln,Potter,vendor,"Denver, CO",@hunterskiln,@hunterskiln,https://hunterskiln.com,Artist,"ceramics,pottery,classes",Pottery classes and handmade ceramics,true
Ivory Powell,ivory@eats.com,555-2841,Ivory Fusion Kitchen,Chef,vendor,"Austin, TX",@ivoryfusion,,https://ivoryfusion.com,"Food & Beverage","food,fusion,creative",Creative fusion cuisine catering,false
Jesse Reed,jesse@gallery.com,555-6423,Jesse's Art Loft,Director,partner,"Phoenix, AZ",@jessesartloft,@jessesartloft,https://jessesartloft.com,"Artist,Sponsor","art,loft,exhibitions",Art loft and exhibition space,false
Lane Rivera,lane@bakery.com,555-9748,Lane Artisan Bakery,Baker,vendor,"Albuquerque, NM",@laneartisanbakery,@laneartisanbakery,https://laneartisanbakery.com,"Food & Beverage,Table Vendor","bakery,artisan,european",European artisan baking techniques,true
Memphis Anderson,memphis@jewelry.com,555-4329,Memphis Gems & Co.,Jeweler,vendor,"Santa Fe, NM",@memphisgems,,https://memphisgems.com,"Artist,Table Vendor","jewelry,southwestern,turquoise",Southwestern turquoise jewelry,false
Nico Baker,nico@photos.com,555-7892,Nico Photo Artistry,Photographer,vendor,"Brooklyn, NY",@nicophotoartistry,@nicophotoartistry,https://nicophotoartistry.com,Artist,"photography,artistic,creative",Artistic and creative photography,false
Oakley Campbell,oakley@music.com,555-3528,Oakley Music Collective,Band,vendor,"Chicago, IL",@oakleymusic,@oakleymusic,https://oakleymusic.com,Artist,"music,band,covers",Cover band - versatile song selection,true
Phoenix Davis,phoenix@coffee.com,555-8619,Phoenix Coffee Traders,Importer,vendor,"Nashville, TN",@phoenixcoffee,,https://phoenixcoffee.com,"Food & Beverage","coffee,import,wholesale",Coffee importing and wholesale,false
Quinn Evans,quinn@textiles.com,555-2487,Quinn Quilts,Quilter,vendor,"Atlanta, GA",@quinnquilts,@quinnquilts,https://quinnquilts.com,"Artist,Table Vendor","textiles,quilts,handmade",Handmade quilts - heirloom quality,false
Remy Foster,remy@skincare.com,555-6951,Remy Radiance,Esthetician,vendor,"Miami, FL",@remyradiance,@remyradiance,https://remyradiance.com,"Table Vendor","skincare,professional,treatment",Professional skincare treatments and products,true
Scout Garcia,scout@candles.com,555-4126,Scout's Scent Lab,Perfumer,vendor,"Portland, OR",@scoutscentlab,,https://scoutscentlab.com,"Table Vendor","candles,perfume,fragrance",Custom fragrance candles,false
Toni Harris,toni@plants.com,555-9381,Toni's Tropical Plants,Owner,vendor,"Seattle, WA",@tonistropical,@tonistropical,https://tonistropical.com,"Table Vendor","plants,tropical,rare",Rare tropical plants,false
Val Jackson,val@records.com,555-7549,Val's Vinyl Vault,Collector,vendor,"Los Angeles, CA",@valsvinylvault,@valsvinylvault,https://valsvinylvault.com,"Table Vendor","vinyl,vault,premium",Premium vinyl collection,true
Wren King,wren@vintage.com,555-3627,Wren's Vintage Emporium,Curator,vendor,"San Francisco, CA",@wrensvintage,,https://wrensvintage.com,"Table Vendor","vintage,emporium,curated",Curated vintage emporium,false
Xander Lopez,xander@prints.com,555-8291,Xander Screen Prints,Printer,vendor,"Oakland, CA",@xanderscreenprints,@xanderscreenprints,https://xanderscreenprints.com,"Artist,Table Vendor","prints,screen,custom",Custom screen printing services,false
Yael Martin,yael@ceramics.com,555-5169,Yael's Earth Studio,Potter,vendor,"San Diego, CA",@yaelearthstudio,@yaelearthstudio,https://yaelearthstudio.com,Artist,"ceramics,pottery,natural",Natural clay pottery - earthy tones,true
Zion Nelson,zion@eats.com,555-2845,Zion's Soul Food,Chef,vendor,"Sacramento, CA",@zionssoulfood,,https://zionssoulfood.com,"Food & Beverage","food,soul-food,comfort",Soul food catering - comfort classics,false
Ash Ortiz,ash@gallery.com,555-6421,Ash Gallery Space,Director,partner,"Tacoma, WA",@ashgalleryspace,@ashgalleryspace,https://ashgalleryspace.com,"Artist,Sponsor","art,gallery,emerging",Gallery for emerging artists,false
Blair Perez,blair@bakery.com,555-9753,Blair's Biscuits,Baker,vendor,"Olympia, WA",@blairsbiscuits,@blairsbiscuits,https://blairsbiscuits.com,"Food & Beverage,Table Vendor","bakery,biscuits,southern",Southern-style biscuits,true
Casey Quinn,casey@jewelry.com,555-4321,Casey's Charms,Jeweler,vendor,"Spokane, WA",@caseyscharms,,https://caseyscharms.com,"Artist,Table Vendor","jewelry,charms,personalized",Personalized charm jewelry,false
Dakota Roberts,dakota@photos.com,555-7896,Dakota Photo Studio,Photographer,vendor,"Boise, ID",@dakotaphotostudio,@dakotaphotostudio,https://dakotaphotostudio.com,Artist,"photography,studio,portraits",Portrait photography studio,false
Emerson Silva,emerson@music.com,555-3521,Emerson Sound Systems,Technician,vendor,"Salt Lake City, UT",@emersonsound,@emersonsound,https://emersonsound.com,Artist,"music,sound,technical",Sound system rentals and technicians,true
Flynn Taylor,flynn@coffee.com,555-8617,Flynn's Fair Trade Coffee,Owner,vendor,"Denver, CO",@flynnsfairtrade,,https://flynnsfairtrade.com,"Food & Beverage","coffee,fair-trade,ethical",Fair trade ethical coffee,false
Gray Turner,gray@textiles.com,555-2481,Gray Tapestries,Weaver,vendor,"Austin, TX",@graytapestries,@graytapestries,https://graytapestries.com,"Artist,Table Vendor","textiles,tapestries,wall-art",Woven tapestries and wall art,false
Harper Vargas,harper@skincare.com,555-6958,Harper Herbal,Herbalist,vendor,"Phoenix, AZ",@harperherbal,@harperherbal,https://harperherbal.com,"Table Vendor","skincare,herbal,medicinal",Medicinal herbal skincare,true
Jules White,jules@candles.com,555-4129,Jules Luminous,Candlemaker,vendor,"Albuquerque, NM",@julesluminous,,https://julesluminous.com,"Table Vendor","candles,luminous,elegant",Elegant luminous candles for events,false
Kai Young,kai@plants.com,555-9382,Kai's Orchid House,Grower,vendor,"Santa Fe, NM",@kaisorchids,@kaisorchids,https://kaisorchids.com,"Table Vendor","plants,orchids,exotic",Exotic orchid collection,false
Lane Ahmed,lane@records.com,555-7543,Lane's Jazz Vinyl,Collector,vendor,"Brooklyn, NY",@lanesjazzvinyl,@lanesjazzvinyl,https://lanesjazzvinyl.com,"Table Vendor","vinyl,jazz,classic",Classic jazz vinyl collection,true
Morgan Brown,morgan@vintage.com,555-3624,Morgan's Mid-Century,Dealer,vendor,"Chicago, IL",@morgansmidcentury,,https://morgansmidcentury.com,"Table Vendor","vintage,mid-century,furniture",Mid-century vintage furniture and decor,false
Quinn Clark,quinn@prints.com,555-8295,Quinn Bold Prints,Artist,vendor,"Nashville, TN",@quinnboldprints,@quinnboldprints,https://quinnboldprints.com,"Artist,Table Vendor","prints,bold,colorful",Bold colorful art prints,false
Riley Diaz,riley@ceramics.com,555-5161,Riley Raku Art,Potter,vendor,"Atlanta, GA",@rileyraku,@rileyraku,https://rileyraku.com,Artist,"ceramics,raku,art",Raku ceramic art pieces,true
Rowan Edwards,rowan@eats.com,555-2849,Rowan's Raw Kitchen,Chef,vendor,"Miami, FL",@rowansrawkitchen,,https://rowansrawkitchen.com,"Food & Beverage","food,raw,vegan",Raw vegan cuisine catering,false
Sydney Fisher,sydney@gallery.com,555-6417,Sydney Art Salon,Curator,partner,"Portland, OR",@sydneyartsalon,@sydneyartsalon,https://sydneyartsalon.com,"Artist,Sponsor","art,salon,intimate",Intimate art salon exhibitions,false
Winter Green,winter@bakery.com,555-9758,Winter's Whoopie Pies,Baker,vendor,"Seattle, WA",@winterswhoopie,@winterswhoopie,https://winterswhoopie.com,"Food & Beverage,Table Vendor","bakery,whoopie-pies,unique",Unique whoopie pie flavors,true
Ali Hall,ali@jewelry.com,555-4327,Ali's Heirlooms,Jeweler,vendor,"Los Angeles, CA",@alisheirlooms,,https://alisheirlooms.com,"Artist,Table Vendor","jewelry,heirloom,vintage-inspired",Vintage-inspired heirloom jewelry,false
Bay Hughes,bay@photos.com,555-7893,Bay Lifestyle Photography,Photographer,vendor,"San Francisco, CA",@baylifestylephoto,@baylifestylephoto,https://baylifestylephoto.com,Artist,"photography,lifestyle,candid",Candid lifestyle photography,false
Drew Jones,drew@music.com,555-3529,Drew's DJ Services,DJ,vendor,"Oakland, CA",@drewsdjservices,@drewsdjservices,https://drewsdjservices.com,Artist,"music,dj,all-genres",Multi-genre DJ services,true
Emery Kumar,emery@coffee.com,555-8613,Emery's Ethiopian Coffee,Importer,vendor,"San Diego, CA",@emeryethiopian,,https://emeryethiopian.com,"Food & Beverage","coffee,ethiopian,single-origin",Ethiopian single-origin coffee,false
Gray Lewis,gray@textiles.com,555-2489,Gray Macrame,Artist,vendor,"Sacramento, CA",@graymacrame,@graymacrame,https://graymacrame.com,"Artist,Table Vendor","textiles,macrame,bohemian",Bohemian macrame wall hangings,false
Hunter Miller,hunter@skincare.com,555-6952,Hunter's Apothecary,Herbalist,vendor,"Tacoma, WA",@huntersapothecary,@huntersapothecary,https://huntersapothecary.com,"Table Vendor","skincare,apothecary,botanical",Botanical apothecary skincare,true
Ivory Moore,ivory@candles.com,555-4123,Ivory Glow Candles,Candlemaker,vendor,"Olympia, WA",@ivoryglowcandles,,https://ivoryglowcandles.com,"Table Vendor","candles,glow,ambient",Ambient glow candles for atmosphere,false
Jesse Murphy,jesse@plants.com,555-9389,Jesse's Jungle,Plant Expert,vendor,"Spokane, WA",@jessesjungle,@jessesjungle,https://jessesjungle.com,"Table Vendor","plants,jungle,large",Large jungle plants and care,false
Lane Nguyen,lane@records.com,555-7541,Lane's Lo-Fi Vinyl,DJ,vendor,"Boise, ID",@laneslofi,@laneslofi,https://laneslofi.com,"Table Vendor","vinyl,lo-fi,chill",Lo-fi and chill vinyl selections,true
Memphis Patel,memphis@vintage.com,555-3628,Memphis Retro Revival,Curator,vendor,"Salt Lake City, UT",@memphisretro,,https://memphisretro.com,"Table Vendor","vintage,retro,90s",90s retro vintage clothing,false
Nico Robinson,nico@prints.com,555-8292,Nico Nature Prints,Photographer,vendor,"Denver, CO",@niconatureprints,@niconatureprints,https://niconatureprints.com,"Artist,Table Vendor","prints,nature,landscape",Nature landscape photography prints,false
Oakley Sanchez,oakley@ceramics.com,555-5168,Oakley's Ovens,Potter,vendor,"Austin, TX",@oakleysovens,@oakleysovens,https://oakleysovens.com,Artist,"ceramics,pottery,bakeware",Ceramic bakeware and pottery,true
Phoenix Scott,phoenix@eats.com,555-2843,Phoenix Pho House,Chef,vendor,"Phoenix, AZ",@phoenixpho,,https://phoenixpho.com,"Food & Beverage","food,vietnamese,pho",Authentic Vietnamese pho catering,false
Quinn Smith,quinn@gallery.com,555-6429,Quinn's Quirky Gallery,Owner,partner,"Albuquerque, NM",@quinnsquirky,@quinnsquirky,https://quinnsquirky.com,"Artist,Sponsor","art,quirky,fun",Quirky fun art gallery,false
Remy Thomas,remy@bakery.com,555-9741,Remy's Rustic Breads,Baker,vendor,"Santa Fe, NM",@remysrustic,@remysrustic,https://remysrustic.com,"Food & Beverage,Table Vendor","bakery,rustic,sourdough",Rustic sourdough breads,true
Scout Walker,scout@jewelry.com,555-4326,Scout's Silver,Silversmith,vendor,"Brooklyn, NY",@scoutssilver,,https://scoutssilver.com,"Artist,Table Vendor","jewelry,silver,handcrafted",Handcrafted sterling silver jewelry,false
Toni Williams,toni@photos.com,555-7891,Toni Travel Photography,Photographer,vendor,"Chicago, IL",@tonitravelphotos,@tonitravelphotos,https://tonitravelphotos.com,Artist,"photography,travel,adventure",Travel and adventure photography,false
Val Wright,val@music.com,555-3527,Val's Violin Studio,Musician,vendor,"Nashville, TN",@valsviolin,@valsviolin,https://valsviolin.com,Artist,"music,violin,classical",Classical violin performances,true
Wren Yang,wren@coffee.com,555-8611,Wren's Wonder Coffee,Barista,vendor,"Atlanta, GA",@wrenswonder,,https://wrenswonder.com,"Food & Beverage","coffee,latte-art,mobile",Mobile latte art coffee service,false
Xander Zhang,xander@textiles.com,555-2488,Xander Upcycled,Designer,vendor,"Miami, FL",@xanderupcycled,@xanderupcycled,https://xanderupcycled.com,"Artist,Table Vendor","textiles,upcycled,sustainable",Upcycled sustainable textile art,false
Yael Bennett,yael@skincare.com,555-6953,Yael Youth Elixir,Formulator,vendor,"Portland, OR",@yaelyouth,@yaelyouth,https://yaelyouth.com,"Table Vendor","skincare,anti-aging,natural",Natural anti-aging skincare formulations,true
